created_date,count
02/01/2021,2060
03/01/2021,1688
04/01/2021,3913
05/01/2021,3229
06/01/2021,3083
07/01/2021,3041
08/01/2021,2657
09/01/2021,2168
10/01/2021,1745
11/01/2021,3682
12/01/2021,3115
13/01/2021,2933
14/01/2021,3074
15/01/2021,2948
16/01/2021,1923
17/01/2021,1595
18/01/2021,3889
19/01/2021,3265
20/01/2021,3246
21/01/2021,3162
22/01/2021,2949
23/01/2021,2010
24/01/2021,1548
25/01/2021,3627
26/01/2021,3099
27/01/2021,3071
28/01/2021,3259
29/01/2021,2931
30/01/2021,2069
31/01/2021,1627
01/02/2021,3730
02/02/2021,3566
03/02/2021,3287
04/02/2021,3227
05/02/2021,2929
06/02/2021,2100
07/02/2021,1575
08/02/2021,3529
09/02/2021,3250
10/02/2021,3363
11/02/2021,3555
12/02/2021,3519
13/02/2021,2433
14/02/2021,2200
15/02/2021,4584
16/02/2021,3802
17/02/2021,3760
18/02/2021,3501
19/02/2021,3278
20/02/2021,2211
21/02/2021,1995
22/02/2021,4336
23/02/2021,3633
24/02/2021,3469
25/02/2021,3369
26/02/2021,3411
27/02/2021,2187
28/02/2021,2201
01/03/2021,4277
02/03/2021,3528
03/03/2021,3412
04/03/2021,4002
05/03/2021,3025
06/03/2021,2035
07/03/2021,1772
08/03/2021,3894
09/03/2021,3308
10/03/2021,3188
11/03/2021,3060
12/03/2021,3697
13/03/2021,1967
14/03/2021,1439
15/03/2021,3852
16/03/2021,3510
17/03/2021,3350
18/03/2021,3795
19/03/2021,3036
20/03/2021,2119
21/03/2021,1717
22/03/2021,4230
23/03/2021,3834
24/03/2021,3257
25/03/2021,3277
26/03/2021,2893
27/03/2021,2113
28/03/2021,1658
29/03/2021,4051
30/03/2021,3432
31/03/2021,3693
01/04/2021,3023
02/04/2021,1876
03/04/2021,1807
04/04/2021,1263
05/04/2021,2012
06/04/2021,4145
07/04/2021,4153
08/04/2021,3506
09/04/2021,3196
10/04/2021,1908
11/04/2021,1680
12/04/2021,4082
13/04/2021,3504
14/04/2021,3997
15/04/2021,3129
16/04/2021,3195
17/04/2021,1848
18/04/2021,1634
19/04/2021,4186
20/04/2021,3399
21/04/2021,3838
22/04/2021,3290
23/04/2021,3087
24/04/2021,1807
25/04/2021,1623
26/04/2021,4094
27/04/2021,3390
28/04/2021,3701
29/04/2021,3283
30/04/2021,2974
01/05/2021,1783
02/05/2021,1353
03/05/2021,1972
04/05/2021,3942
05/05/2021,3800
06/05/2021,3262
07/05/2021,2938
08/05/2021,1895
09/05/2021,1511
10/05/2021,4020
11/05/2021,3280
12/05/2021,3062
13/05/2021,3389
14/05/2021,2992
15/05/2021,1688
16/05/2021,1618
17/05/2021,4018
18/05/2021,3337
19/05/2021,3469
20/05/2021,2884
21/05/2021,2474
22/05/2021,1804
23/05/2021,1550
24/05/2021,4012
25/05/2021,3277
26/05/2021,3120
27/05/2021,3231
28/05/2021,2713
29/05/2021,1741
30/05/2021,1254
31/05/2021,1714
01/06/2021,3931
02/06/2021,3527
03/06/2021,3016
04/06/2021,3002
05/06/2021,1790
06/06/2021,1664
07/06/2021,4016
08/06/2021,3286
09/06/2021,3307
10/06/2021,3084
11/06/2021,2986
12/06/2021,1770
13/06/2021,1396
14/06/2021,3812
15/06/2021,3090
16/06/2021,3374
17/06/2021,3011
18/06/2021,2914
19/06/2021,1669
20/06/2021,1486
21/06/2021,3782
22/06/2021,3039
23/06/2021,3067
24/06/2021,3201
25/06/2021,2889
26/06/2021,1710
27/06/2021,1478
28/06/2021,3679
29/06/2021,2983
30/06/2021,2957
01/07/2021,3031
02/07/2021,2706
03/07/2021,1690
04/07/2021,1669
05/07/2021,3961
06/07/2021,3152
07/07/2021,3034
08/07/2021,3100
09/07/2021,2652
10/07/2021,1627
11/07/2021,1301
12/07/2021,3929
13/07/2021,3255
14/07/2021,3209
15/07/2021,2923
16/07/2021,2689
17/07/2021,1595
18/07/2021,1419
19/07/2021,3706
20/07/2021,2985
21/07/2021,3220
22/07/2021,3058
23/07/2021,2710
24/07/2021,1591
25/07/2021,1703
26/07/2021,3822
27/07/2021,3347
28/07/2021,3371
29/07/2021,3047
30/07/2021,2775
31/07/2021,1655
01/08/2021,1464
02/08/2021,3858
03/08/2021,3278
04/08/2021,3200
05/08/2021,3020
06/08/2021,2756
07/08/2021,1856
08/08/2021,1524
09/08/2021,3862
10/08/2021,3305
11/08/2021,3038
12/08/2021,2879
13/08/2021,2921
14/08/2021,1701
15/08/2021,1422
16/08/2021,3716
17/08/2021,3105
18/08/2021,2955
19/08/2021,2764
20/08/2021,2876
21/08/2021,1621
22/08/2021,1453
23/08/2021,3742
24/08/2021,3113
25/08/2021,3053
26/08/2021,3046
27/08/2021,2645
28/08/2021,1613
29/08/2021,1334
30/08/2021,1927
31/08/2021,3624
01/09/2021,3181
02/09/2021,3094
03/09/2021,2867
04/09/2021,1731
05/09/2021,1493
06/09/2021,3834
07/09/2021,3205
08/09/2021,3116
09/09/2021,2979
10/09/2021,2682
11/09/2021,1739
12/09/2021,1480
13/09/2021,3570
14/09/2021,3279
15/09/2021,3325
16/09/2021,2930
17/09/2021,2743
18/09/2021,1701
19/09/2021,1415
20/09/2021,3710
21/09/2021,3095
22/09/2021,3095
23/09/2021,3018
24/09/2021,2843
25/09/2021,1418
26/09/2021,1747
27/09/2021,3923
28/09/2021,3200
29/09/2021,3200
30/09/2021,2776
01/10/2021,2657
02/10/2021,1648
03/10/2021,1605
04/10/2021,3929
05/10/2021,3679
06/10/2021,3634
07/10/2021,2957
08/10/2021,2953
09/10/2021,1822
10/10/2021,1666
11/10/2021,4021
12/10/2021,3444
13/10/2021,3439
14/10/2021,2972
15/10/2021,2919
16/10/2021,1741
17/10/2021,1586
18/10/2021,3838
19/10/2021,3294
20/10/2021,3572
21/10/2021,3077
22/10/2021,2876
23/10/2021,1772
24/10/2021,1514
25/10/2021,3807
26/10/2021,3364
27/10/2021,3285
28/10/2021,3358
29/10/2021,2933
30/10/2021,1781
31/10/2021,1661
01/11/2021,4057
02/11/2021,3421
03/11/2021,3339
04/11/2021,3395
05/11/2021,2843
06/11/2021,1747
07/11/2021,1512
08/11/2021,3908
09/11/2021,3439
10/11/2021,3268
11/11/2021,3239
12/11/2021,2858
13/11/2021,1792
14/11/2021,1527
15/11/2021,3972
16/11/2021,3465
17/11/2021,3297
18/11/2021,3246
19/11/2021,2984
20/11/2021,1753
21/11/2021,1558
22/11/2021,4206
23/11/2021,3492
24/11/2021,3454
25/11/2021,3282
26/11/2021,3024
27/11/2021,1850
28/11/2021,1625
29/11/2021,4166
30/11/2021,3652
01/12/2021,3420
02/12/2021,3239
03/12/2021,3025
04/12/2021,1906
05/12/2021,1618
06/12/2021,4181
07/12/2021,3609
08/12/2021,3419
09/12/2021,3346
10/12/2021,3213
11/12/2021,2033
12/12/2021,1776
13/12/2021,4330
14/12/2021,3594
15/12/2021,3576
16/12/2021,3349
17/12/2021,3153
18/12/2021,2116
19/12/2021,1736
20/12/2021,3843
21/12/2021,3360
22/12/2021,3079
23/12/2021,2725
24/12/2021,1703
25/12/2021,662
26/12/2021,1347
27/12/2021,2103
28/12/2021,2108
29/12/2021,3542
30/12/2021,3041
31/12/2021,2330
01/01/2022,1400
02/01/2022,1614
03/01/2022,2450
04/01/2022,4319
05/01/2022,3638
06/01/2022,3417
07/01/2022,3451
08/01/2022,2067
09/01/2022,1833
10/01/2022,4485
11/01/2022,3678
12/01/2022,3464
13/01/2022,3420
14/01/2022,3343
15/01/2022,1936
16/01/2022,1834
17/01/2022,4394
18/01/2022,3812
19/01/2022,3529
20/01/2022,3461
21/01/2022,3463
22/01/2022,2001
23/01/2022,1789
24/01/2022,4421
25/01/2022,3668
26/01/2022,3767
27/01/2022,3403
28/01/2022,3184
29/01/2022,2038
30/01/2022,1635
31/01/2022,4162
01/02/2022,3902
02/02/2022,3638
03/02/2022,3425
04/02/2022,3421
05/02/2022,1880
06/02/2022,1710
07/02/2022,4432
08/02/2022,3598
09/02/2022,3424
10/02/2022,3313
11/02/2022,3244
12/02/2022,2084
13/02/2022,1792
14/02/2022,4302
15/02/2022,3661
16/02/2022,3715
17/02/2022,3221
18/02/2022,2634
19/02/2022,1981
20/02/2022,1745
21/02/2022,4177
22/02/2022,3687
23/02/2022,3262
24/02/2022,3223
25/02/2022,2955
26/02/2022,2022
27/02/2022,1663
28/02/2022,4089
01/03/2022,3504
02/03/2022,3411
03/03/2022,3376
04/03/2022,3061
05/03/2022,2061
06/03/2022,1794
07/03/2022,4207
08/03/2022,3588
09/03/2022,3414
10/03/2022,3195
11/03/2022,2984
12/03/2022,2159
13/03/2022,1574
14/03/2022,4175
15/03/2022,3370
16/03/2022,3144
17/03/2022,3094
18/03/2022,2907
19/03/2022,1957
20/03/2022,1575
21/03/2022,4255
22/03/2022,3334
23/03/2022,3339
24/03/2022,3217
25/03/2022,2938
26/03/2022,1861
27/03/2022,1465
28/03/2022,4068
29/03/2022,3382
30/03/2022,3130
31/03/2022,2522
01/04/2022,2682
02/04/2022,1925
03/04/2022,1604
04/04/2022,3970
05/04/2022,3483
06/04/2022,3254
07/04/2022,3145
08/04/2022,2850
09/04/2022,1918
10/04/2022,1697
11/04/2022,3914
12/04/2022,3461
13/04/2022,3261
14/04/2022,3029
15/04/2022,1759
16/04/2022,1583
17/04/2022,1243
18/04/2022,1884
19/04/2022,4338
20/04/2022,3441
21/04/2022,3282
22/04/2022,2973
23/04/2022,2065
24/04/2022,1484
25/04/2022,4092
26/04/2022,3360
27/04/2022,3240
28/04/2022,3005
29/04/2022,2950
30/04/2022,1613
01/05/2022,1319
02/05/2022,1799
03/05/2022,4054
04/05/2022,3228
05/05/2022,3160
06/05/2022,2893
07/05/2022,1633
08/05/2022,1497
09/05/2022,4081
10/05/2022,3196
11/05/2022,3092
12/05/2022,3027
13/05/2022,2801
14/05/2022,1657
15/05/2022,1459
16/05/2022,3925
17/05/2022,3149
18/05/2022,3023
19/05/2022,2854
20/05/2022,2713
21/05/2022,1603
22/05/2022,1368
23/05/2022,3769
24/05/2022,3137
25/05/2022,2866
26/05/2022,2929
27/05/2022,2718
28/05/2022,1635
29/05/2022,1421
30/05/2022,3771
31/05/2022,3147
01/06/2022,2777
02/06/2022,1573
03/06/2022,1435
04/06/2022,1403
05/06/2022,1326
06/06/2022,4097
07/06/2022,3423
08/06/2022,3129
09/06/2022,2856
10/06/2022,2855
11/06/2022,1640
12/06/2022,1375
13/06/2022,3802
14/06/2022,3074
15/06/2022,2901
16/06/2022,2745
17/06/2022,2638
18/06/2022,1554
19/06/2022,1322
20/06/2022,3739
21/06/2022,3050
22/06/2022,2895
23/06/2022,2858
24/06/2022,2528
25/06/2022,1624
26/06/2022,1386
27/06/2022,3520
28/06/2022,3044
29/06/2022,2525
30/06/2022,2858
01/07/2022,2590
02/07/2022,1533
03/07/2022,1380
04/07/2022,3729
05/07/2022,3024
06/07/2022,2678
07/07/2022,2735
08/07/2022,2645
09/07/2022,1471
10/07/2022,1263
11/07/2022,3640
12/07/2022,2984
13/07/2022,2806
14/07/2022,2826
15/07/2022,2756
16/07/2022,1477
17/07/2022,1123
18/07/2022,3380
19/07/2022,2773
20/07/2022,2992
21/07/2022,2632
22/07/2022,2824
23/07/2022,1700
24/07/2022,1545
25/07/2022,3745
26/07/2022,3170
27/07/2022,3031
28/07/2022,2916
29/07/2022,2818
30/07/2022,1540
31/07/2022,1375
01/08/2022,3669
02/08/2022,3214
03/08/2022,3194
04/08/2022,2856
05/08/2022,2752
06/08/2022,1654
07/08/2022,1410
08/08/2022,3730
09/08/2022,3038
10/08/2022,2951
11/08/2022,2769
12/08/2022,2703
13/08/2022,1580
14/08/2022,1461
15/08/2022,3662
16/08/2022,3298
17/08/2022,3165
18/08/2022,3012
19/08/2022,2818
20/08/2022,1632
21/08/2022,1383
22/08/2022,3934
23/08/2022,3124
24/08/2022,3117
25/08/2022,3083
26/08/2022,2795
27/08/2022,1611
28/08/2022,1280
29/08/2022,1767
30/08/2022,3758
31/08/2022,3098
01/09/2022,2979
02/09/2022,2867
03/09/2022,1646
04/09/2022,1379
05/09/2022,3759
06/09/2022,3320
07/09/2022,3202
08/09/2022,2958
09/09/2022,2915
10/09/2022,1677
11/09/2022,1426
12/09/2022,3704
13/09/2022,3246
14/09/2022,3001
15/09/2022,2874
16/09/2022,2720
17/09/2022,1754
18/09/2022,1232
19/09/2022,1245
20/09/2022,4025
21/09/2022,3463
22/09/2022,3308
23/09/2022,2930
24/09/2022,1829
25/09/2022,1564
26/09/2022,4059
27/09/2022,3607
28/09/2022,3297
29/09/2022,3246
30/09/2022,3082
01/10/2022,1932
02/10/2022,1603
03/10/2022,4434
04/10/2022,3579
05/10/2022,3283
06/10/2022,3455
07/10/2022,3059
08/10/2022,1712
09/10/2022,1514
10/10/2022,4095
11/10/2022,3542
12/10/2022,3343
13/10/2022,3186
14/10/2022,2962
15/10/2022,1808
16/10/2022,1464
17/10/2022,4163
18/10/2022,3392
19/10/2022,3134
20/10/2022,3178
21/10/2022,3046
22/10/2022,1831
23/10/2022,1645
24/10/2022,4295
25/10/2022,3520
26/10/2022,3354
27/10/2022,3092
28/10/2022,2942
29/10/2022,1681
30/10/2022,1543
31/10/2022,4341
01/11/2022,3799
02/11/2022,3570
03/11/2022,3616
04/11/2022,3361
05/11/2022,1822
06/11/2022,1683
07/11/2022,4466
08/11/2022,3630
09/11/2022,3596
10/11/2022,3255
11/11/2022,3105
12/11/2022,1857
13/11/2022,1577
14/11/2022,4343
15/11/2022,3644
16/11/2022,3403
17/11/2022,3544
18/11/2022,3217
19/11/2022,1904
20/11/2022,1638
21/11/2022,4320
22/11/2022,3737
23/11/2022,3593
24/11/2022,3600
25/11/2022,3200
26/11/2022,1976
27/11/2022,1691
28/11/2022,4566
29/11/2022,3521
30/11/2022,3471
01/12/2022,3495
02/12/2022,3188
03/12/2022,1934
04/12/2022,1793
05/12/2022,4376
06/12/2022,3683
07/12/2022,3586
08/12/2022,3797
09/12/2022,3583
10/12/2022,2558
11/12/2022,2209
12/12/2022,4876
13/12/2022,4604
14/12/2022,4692
15/12/2022,5407
16/12/2022,5359
17/12/2022,3874
18/12/2022,3038
19/12/2022,5876
20/12/2022,4681
21/12/2022,4177
22/12/2022,3616
23/12/2022,3306
24/12/2022,1725
25/12/2022,753
26/12/2022,1654
27/12/2022,2505
28/12/2022,3893
29/12/2022,3701
30/12/2022,3394
31/12/2022,1788
01/01/2023,1476
02/01/2023,2461
03/01/2023,4688
04/01/2023,4148
05/01/2023,4015
06/01/2023,3569
07/01/2023,2115
08/01/2023,1749
09/01/2023,4555
10/01/2023,3945
11/01/2023,3712
12/01/2023,3715
13/01/2023,3234
14/01/2023,2076
15/01/2023,1697
16/01/2023,4575
17/01/2023,3834
18/01/2023,3676
19/01/2023,3544
20/01/2023,3359
21/01/2023,2087
22/01/2023,1850
23/01/2023,4717
24/01/2023,3956
25/01/2023,3422
26/01/2023,3367
27/01/2023,3181
28/01/2023,1989
29/01/2023,1769
30/01/2023,4370
31/01/2023,3658
01/02/2023,3354
02/02/2023,3382
03/02/2023,3110
04/02/2023,2101
05/02/2023,1761
06/02/2023,4388
07/02/2023,3711
08/02/2023,3444
09/02/2023,3448
10/02/2023,3166
11/02/2023,1903
12/02/2023,1682
13/02/2023,4100
14/02/2023,3402
15/02/2023,3426
16/02/2023,3347
17/02/2023,3216
18/02/2023,1829
19/02/2023,1725
20/02/2023,4161
21/02/2023,3490
22/02/2023,3256
23/02/2023,3157
24/02/2023,3048
25/02/2023,1827
26/02/2023,1645
27/02/2023,4126
28/02/2023,3446
01/03/2023,3123
02/03/2023,3212
03/03/2023,2963
04/03/2023,1898
05/03/2023,1622
06/03/2023,4042
07/03/2023,3304
08/03/2023,3292
09/03/2023,2986
10/03/2023,3145
11/03/2023,1771
12/03/2023,1719
13/03/2023,4243
14/03/2023,3420
15/03/2023,3252
16/03/2023,3263
17/03/2023,2931
18/03/2023,1724
19/03/2023,1516
20/03/2023,4119
21/03/2023,3288
22/03/2023,3168
23/03/2023,2977
24/03/2023,2986
25/03/2023,1831
26/03/2023,1540
27/03/2023,3887
28/03/2023,3149
29/03/2023,3043
30/03/2023,3130
31/03/2023,2903
01/04/2023,1818
02/04/2023,1541
03/04/2023,3941
04/04/2023,3247
05/04/2023,3103
06/04/2023,2914
07/04/2023,1690
08/04/2023,1659
09/04/2023,1221
10/04/2023,1894
11/04/2023,4130
12/04/2023,3332
13/04/2023,3197
14/04/2023,2705
15/04/2023,1761
16/04/2023,1593
17/04/2023,3930
18/04/2023,3179
19/04/2023,3102
20/04/2023,2859
21/04/2023,2715
22/04/2023,1605
23/04/2023,1382
24/04/2023,3770
25/04/2023,3105
26/04/2023,2971
27/04/2023,2849
28/04/2023,2615
29/04/2023,1671
30/04/2023,1309
01/05/2023,1812
02/05/2023,3563
03/05/2023,3160
04/05/2023,2819
05/05/2023,2695
06/05/2023,1256
07/05/2023,1327
08/05/2023,1865
09/05/2023,3846
10/05/2023,3056
11/05/2023,3043
12/05/2023,2712
13/05/2023,1530
14/05/2023,1443
15/05/2023,3675
16/05/2023,3049
17/05/2023,2852
18/05/2023,2866
19/05/2023,2657
20/05/2023,1482
21/05/2023,1363
22/05/2023,3655
23/05/2023,3113
24/05/2023,2917
25/05/2023,2630
26/05/2023,2562
27/05/2023,1407
28/05/2023,1255
29/05/2023,1622
30/05/2023,3631
31/05/2023,2982
01/06/2023,2807
02/06/2023,2642
03/06/2023,1388
04/06/2023,1302
05/06/2023,3508
06/06/2023,2986
07/06/2023,2800
08/06/2023,2651
09/06/2023,2481
10/06/2023,1463
11/06/2023,1354
12/06/2023,3598
13/06/2023,3006
14/06/2023,2800
15/06/2023,2700
16/06/2023,2425
17/06/2023,1477
18/06/2023,1272
19/06/2023,3418
20/06/2023,3063
21/06/2023,2685
22/06/2023,2622
23/06/2023,2492
24/06/2023,1484
25/06/2023,1257
26/06/2023,3306
27/06/2023,2696
28/06/2023,2668
29/06/2023,2473
30/06/2023,2484
01/07/2023,1449
02/07/2023,1330
03/07/2023,3470
04/07/2023,2949
05/07/2023,2892
06/07/2023,2535
07/07/2023,2407
08/07/2023,1463
09/07/2023,1346
10/07/2023,3334
11/07/2023,2754
12/07/2023,2656
13/07/2023,2626
14/07/2023,2466
15/07/2023,1423
16/07/2023,1273
17/07/2023,3360
18/07/2023,2786
19/07/2023,2540
20/07/2023,2532
21/07/2023,2429
22/07/2023,1408
23/07/2023,1344
24/07/2023,3461
25/07/2023,2821
26/07/2023,2553
27/07/2023,2507
28/07/2023,2410
29/07/2023,1381
30/07/2023,1286
31/07/2023,3382
01/08/2023,2853
02/08/2023,2860
03/08/2023,2559
04/08/2023,2548
05/08/2023,1452
06/08/2023,1255
07/08/2023,3407
08/08/2023,2804
09/08/2023,2545
10/08/2023,2756
11/08/2023,2438
12/08/2023,1396
13/08/2023,1288
14/08/2023,3400
15/08/2023,2843
16/08/2023,2562
17/08/2023,2587
18/08/2023,2390
19/08/2023,1331
20/08/2023,1202
21/08/2023,3261
22/08/2023,2774
23/08/2023,2685
24/08/2023,2564
25/08/2023,2356
26/08/2023,832
27/08/2023,1278
28/08/2023,2007
29/08/2023,3609
30/08/2023,2983
31/08/2023,2757
01/09/2023,2618
02/09/2023,1552
03/09/2023,1301
04/09/2023,3368
05/09/2023,2740
06/09/2023,2596
07/09/2023,2509
08/09/2023,2439
09/09/2023,1532
10/09/2023,1331
11/09/2023,2840
12/09/2023,3388
13/09/2023,2787
14/09/2023,2590
15/09/2023,2521
16/09/2023,1408
17/09/2023,1307
18/09/2023,3553
19/09/2023,2793
20/09/2023,2802
21/09/2023,2890
22/09/2023,2668
23/09/2023,1558
24/09/2023,1408
25/09/2023,3582
26/09/2023,2861
27/09/2023,2724
28/09/2023,2542
29/09/2023,2509
30/09/2023,1521
01/10/2023,1331
02/10/2023,3600
03/10/2023,2880
04/10/2023,2859
05/10/2023,2631
06/10/2023,2517
07/10/2023,1498
08/10/2023,1345
09/10/2023,3518
10/10/2023,2952
11/10/2023,2727
12/10/2023,2722
13/10/2023,2753
14/10/2023,1587
15/10/2023,1451
16/10/2023,3843
17/10/2023,3167
18/10/2023,2930
19/10/2023,2960
20/10/2023,3120
21/10/2023,1698
22/10/2023,1457
23/10/2023,3784
24/10/2023,3092
25/10/2023,2893
26/10/2023,2964
27/10/2023,2701
28/10/2023,1713
29/10/2023,1438
30/10/2023,3806
31/10/2023,3105
01/11/2023,3128
02/11/2023,3091
03/11/2023,2880
04/11/2023,1691
05/11/2023,1477
06/11/2023,3935
07/11/2023,3089
08/11/2023,3019
09/11/2023,2897
10/11/2023,2807
11/11/2023,1201
12/11/2023,1736
13/11/2023,4118
14/11/2023,3272
15/11/2023,3063
16/11/2023,2984
17/11/2023,2726
18/11/2023,1638
19/11/2023,1473
20/11/2023,3772
21/11/2023,3073
22/11/2023,2946
23/11/2023,2797
24/11/2023,2647
25/11/2023,1701
26/11/2023,1540
27/11/2023,3809
28/11/2023,3387
29/11/2023,3119
30/11/2023,3003
01/12/2023,2950
02/12/2023,2049
03/12/2023,1684
04/12/2023,4205
05/12/2023,3308
06/12/2023,3226
07/12/2023,3148
08/12/2023,2880
09/12/2023,1841
10/12/2023,1552
11/12/2023,3937
12/12/2023,3119
13/12/2023,3052
14/12/2023,2835
15/12/2023,2726
16/12/2023,1708
17/12/2023,1478
18/12/2023,3686
19/12/2023,3015
20/12/2023,2850
21/12/2023,2665
22/12/2023,2316
23/12/2023,1507
24/12/2023,1169
25/12/2023,615
26/12/2023,1420
27/12/2023,3260
28/12/2023,2833
29/12/2023,2682
30/12/2023,1641
31/12/2023,1210
01/01/2024,1394
02/01/2024,4113
03/01/2024,3543
04/01/2024,3286
05/01/2024,2986
06/01/2024,1696
07/01/2024,1517
08/01/2024,3911
09/01/2024,3230
10/01/2024,3159
11/01/2024,3039
12/01/2024,2926
13/01/2024,1688
14/01/2024,1601
15/01/2024,3923
16/01/2024,3317
17/01/2024,3219
18/01/2024,3873
19/01/2024,3687
20/01/2024,2223
21/01/2024,1707
22/01/2024,3985
23/01/2024,3314
24/01/2024,3094
25/01/2024,2985
26/01/2024,2863
27/01/2024,1709
28/01/2024,1535
29/01/2024,3980
30/01/2024,3107
31/01/2024,3026
01/02/2024,2734
02/02/2024,2813
03/02/2024,1725
04/02/2024,1623
05/02/2024,3764
06/02/2024,3063
07/02/2024,2917
08/02/2024,2947
09/02/2024,2879
10/02/2024,1661
11/02/2024,1573
12/02/2024,3747
13/02/2024,3055
14/02/2024,2856
15/02/2024,2969
16/02/2024,3022
17/02/2024,1753
18/02/2024,1666
19/02/2024,3829
20/02/2024,2966
21/02/2024,2832
22/02/2024,2868
23/02/2024,2660
24/02/2024,1625
25/02/2024,1522
26/02/2024,3697
27/02/2024,2998
28/02/2024,2811
29/02/2024,2721
01/03/2024,2691
02/03/2024,1608
03/03/2024,1488
04/03/2024,3628
05/03/2024,3014
06/03/2024,2791
07/03/2024,2822
08/03/2024,2663
09/03/2024,1549
10/03/2024,1339
11/03/2024,3407
12/03/2024,2868
13/03/2024,2818
14/03/2024,2787
15/03/2024,2543
16/03/2024,1656
17/03/2024,1443
18/03/2024,3557
19/03/2024,2985
20/03/2024,2770
21/03/2024,2674
22/03/2024,2582
23/03/2024,1581
24/03/2024,1432
25/03/2024,3419
26/03/2024,2921
27/03/2024,2761
28/03/2024,2481
29/03/2024,1527
30/03/2024,1520
31/03/2024,1083
01/04/2024,1698
02/04/2024,3554
03/04/2024,2995
04/04/2024,2865
05/04/2024,2879
06/04/2024,1651
07/04/2024,1405
08/04/2024,3466
09/04/2024,2887
10/04/2024,2729
11/04/2024,2741
12/04/2024,2549
13/04/2024,1488
14/04/2024,1364
15/04/2024,3540
16/04/2024,2829
17/04/2024,2608
18/04/2024,2517
19/04/2024,2469
20/04/2024,1384
21/04/2024,1375
22/04/2024,3389
23/04/2024,2662
24/04/2024,2576
25/04/2024,2573
26/04/2024,2438
27/04/2024,1399
28/04/2024,1367
29/04/2024,3438
30/04/2024,2725
01/05/2024,2736
02/05/2024,2591
03/05/2024,2405
04/05/2024,1387
05/05/2024,1207
06/05/2024,1718
07/05/2024,3420
08/05/2024,2748
09/05/2024,2708
10/05/2024,2511
11/05/2024,1434
12/05/2024,1324
13/05/2024,3392
14/05/2024,2780
15/05/2024,2551
16/05/2024,2539
17/05/2024,2280
18/05/2024,1345
19/05/2024,1168
20/05/2024,3214
21/05/2024,2579
22/05/2024,2609
23/05/2024,2424
24/05/2024,2390
25/05/2024,1299
26/05/2024,1095
27/05/2024,1548
28/05/2024,3278
29/05/2024,2697
30/05/2024,2592
31/05/2024,2368
01/06/2024,1299
02/06/2024,1273
03/06/2024,3039
04/06/2024,2574
05/06/2024,2491
06/06/2024,2377
07/06/2024,2185
08/06/2024,1359
09/06/2024,1104
10/06/2024,3058
11/06/2024,2499
12/06/2024,2490
13/06/2024,2249
14/06/2024,2285
15/06/2024,1259
16/06/2024,1146
17/06/2024,3069
18/06/2024,2516
19/06/2024,2393
20/06/2024,2367
21/06/2024,2335
22/06/2024,1361
23/06/2024,1205
24/06/2024,3051
25/06/2024,2658
26/06/2024,2445
27/06/2024,2417
28/06/2024,2234
29/06/2024,1350
30/06/2024,1144
01/07/2024,3154
02/07/2024,2574
03/07/2024,2358
04/07/2024,2230
05/07/2024,2081
06/07/2024,1267
07/07/2024,1225
08/07/2024,3013
09/07/2024,2566
10/07/2024,2345
11/07/2024,2338
12/07/2024,2240
13/07/2024,1301
14/07/2024,1055
15/07/2024,2961
16/07/2024,2600
17/07/2024,2402
18/07/2024,2298
19/07/2024,2017
20/07/2024,1332
21/07/2024,1257
22/07/2024,3229
23/07/2024,2413
24/07/2024,2452
25/07/2024,2416
26/07/2024,2283
27/07/2024,1313
28/07/2024,1189
29/07/2024,2987
30/07/2024,2380
31/07/2024,2453
01/08/2024,2357
02/08/2024,2237
03/08/2024,1331
04/08/2024,1177
05/08/2024,3099
06/08/2024,2493
07/08/2024,2453
08/08/2024,2394
09/08/2024,2091
10/08/2024,1308
11/08/2024,1127
12/08/2024,3063
13/08/2024,2566
14/08/2024,2477
15/08/2024,2370
16/08/2024,2290
17/08/2024,1352
18/08/2024,1167
19/08/2024,3094
20/08/2024,2601
21/08/2024,2511
22/08/2024,2432
23/08/2024,2355
24/08/2024,1332
25/08/2024,1121
26/08/2024,1668
27/08/2024,3135
28/08/2024,2657
29/08/2024,2624
30/08/2024,2233
31/08/2024,1373
01/09/2024,1214
02/09/2024,3152
03/09/2024,2722
04/09/2024,2645
05/09/2024,2484
06/09/2024,2502
07/09/2024,1458
08/09/2024,1465
09/09/2024,3228
10/09/2024,2619
11/09/2024,2628
12/09/2024,2499
13/09/2024,2437
14/09/2024,1419
15/09/2024,1321
16/09/2024,3174
17/09/2024,2705
18/09/2024,2567
19/09/2024,2579
20/09/2024,2416
21/09/2024,1385
22/09/2024,1441
23/09/2024,3477
24/09/2024,2821
25/09/2024,2722
26/09/2024,2720
27/09/2024,2542
28/09/2024,1593
29/09/2024,1456
30/09/2024,3603
01/10/2024,3043
02/10/2024,2836
03/10/2024,2670
04/10/2024,2747
05/10/2024,1497
06/10/2024,1423
07/10/2024,3547
08/10/2024,3016
09/10/2024,2767
10/10/2024,2620
11/10/2024,2549
12/10/2024,1551
13/10/2024,1462
14/10/2024,3522
15/10/2024,2868
16/10/2024,2929
17/10/2024,2743
18/10/2024,2605
19/10/2024,1585
20/10/2024,1558
21/10/2024,3341
22/10/2024,2768
23/10/2024,2682
24/10/2024,2574
25/10/2024,2538
26/10/2024,1553
27/10/2024,1356
28/10/2024,3400
29/10/2024,2839
30/10/2024,2680
31/10/2024,2571
01/11/2024,2547
02/11/2024,1453
03/11/2024,1387
04/11/2024,3486
05/11/2024,2899
06/11/2024,2782
07/11/2024,2561
08/11/2024,2551
09/11/2024,1462
10/11/2024,1440
11/11/2024,3664
12/11/2024,3103
13/11/2024,2927
14/11/2024,2754
15/11/2024,2718
16/11/2024,1584
17/11/2024,1470
18/11/2024,3554
19/11/2024,3066
20/11/2024,3113
21/11/2024,3233
22/11/2024,2917
23/11/2024,1619
24/11/2024,1709
25/11/2024,3534
26/11/2024,3068
27/11/2024,2988
28/11/2024,2825
29/11/2024,2678
30/11/2024,1641
01/12/2024,1533
02/12/2024,3595
03/12/2024,3056
04/12/2024,2885
05/12/2024,2787
06/12/2024,2705
07/12/2024,1401
08/12/2024,1467
09/12/2024,3531
10/12/2024,2889
11/12/2024,2654
12/12/2024,2713
13/12/2024,2557
14/12/2024,1587
15/12/2024,1465
16/12/2024,3526
17/12/2024,3004
18/12/2024,2804
19/12/2024,2716
20/12/2024,2410
21/12/2024,1648
22/12/2024,1431
23/12/2024,2811
24/12/2024,1700
25/12/2024,617
26/12/2024,1308
27/12/2024,2688
28/12/2024,1732
29/12/2024,1505
30/12/2024,3266
31/12/2024,2175
01/01/2025,1339
02/01/2025,3274
03/01/2025,3106
04/01/2025,1751
05/01/2025,1673
06/01/2025,4054
07/01/2025,3211
08/01/2025,2916
09/01/2025,3066
10/01/2025,3105
11/01/2025,2071
12/01/2025,2020
13/01/2025,4425
14/01/2025,3400
15/01/2025,3011
16/01/2025,2981
17/01/2025,2889
18/01/2025,1756
19/01/2025,1536
20/01/2025,3736
21/01/2025,3155
22/01/2025,2939
23/01/2025,2743
24/01/2025,2669
25/01/2025,1633
26/01/2025,1602
27/01/2025,3800
28/01/2025,3156
29/01/2025,2887
30/01/2025,2786
31/01/2025,2570
01/02/2025,1568
02/02/2025,1502
03/02/2025,3575
04/02/2025,2999
05/02/2025,2847
06/02/2025,2794
07/02/2025,2621
08/02/2025,1505
09/02/2025,1423
10/02/2025,3444
11/02/2025,2927
12/02/2025,2772
13/02/2025,2793
14/02/2025,2527
15/02/2025,1571
16/02/2025,1495
17/02/2025,3745
18/02/2025,3106
19/02/2025,2901
20/02/2025,2819
21/02/2025,2778
22/02/2025,1671
23/02/2025,1494
24/02/2025,3740
25/02/2025,2974
26/02/2025,2809
27/02/2025,2674
28/02/2025,2630
01/03/2025,1559
02/03/2025,1404
03/03/2025,3651
04/03/2025,2948
05/03/2025,2767
06/03/2025,2696
07/03/2025,2687
08/03/2025,1648
09/03/2025,1486
10/03/2025,3544
11/03/2025,2919
12/03/2025,2728
13/03/2025,2685
14/03/2025,2432
15/03/2025,1435
16/03/2025,1339
17/03/2025,3385
18/03/2025,2850
19/03/2025,2703
20/03/2025,2772
21/03/2025,2594
22/03/2025,1496
23/03/2025,1459
24/03/2025,3547
25/03/2025,2785
26/03/2025,2650
27/03/2025,2679
28/03/2025,2552
29/03/2025,1476
30/03/2025,1204
31/03/2025,3440
01/04/2025,2798
02/04/2025,2606
03/04/2025,2557
04/04/2025,2411
05/04/2025,1440
06/04/2025,1419
07/04/2025,3432
08/04/2025,2807
09/04/2025,2753
10/04/2025,2518
11/04/2025,2571
12/04/2025,1458
13/04/2025,1256
14/04/2025,3282
15/04/2025,2740
16/04/2025,2585
17/04/2025,2386
18/04/2025,1321
19/04/2025,1245
20/04/2025,1035
21/04/2025,1488
22/04/2025,3457
23/04/2025,2731
24/04/2025,2553
25/04/2025,2467
26/04/2025,1372
27/04/2025,1188
28/04/2025,3277
29/04/2025,2565
30/04/2025,2589
01/05/2025,2383
02/05/2025,20
